SPY,UST_10,UST_5,UST_2,CS_IG,CS_HY
0.006887388486672474,4.299999999999993,2.7000000000000024,0.7999999999999994,0.0,-3.0372580000000085
0.005978509681415556,8.100000000000007,4.999999999999999,1.6000000000000014,0.0,-8.735336000000018
0.014857448802034545,4.299999999999993,3.300000000000003,0.10000000000000009,-2.0,-0.22684800000001815
0.005697705091004979,3.600000000000003,2.399999999999997,-0.40000000000000036,-1.0,-0.0846939999999563
-0.0067408067985101905,3.0000000000000027,2.300000000000002,1.0999999999999983,0.0,4.86674099999999
0.00021125458818560539,-1.7000000000000126,-0.7000000000000006,-0.10000000000000009,0.0,6.07651599999997
0.0026929271061595372,-4.599999999999982,-3.0000000000000027,-0.10000000000000009,-1.0,-2.7980369999999652
-0.003501935280023294,4.599999999999982,1.4000000000000012,-0.40000000000000036,0.0,-5.698257000000012
-0.007292712572002258,-4.599999999999982,-3.299999999999997,-0.5999999999999978,1.0,1.218625999999972
0.007852009582113295,0.49999999999998934,-0.5000000000000004,-0.30000000000000027,-1.0,-4.424763999999982
0.01383863726396406,-0.8000000000000007,-0.5000000000000004,-0.40000000000000036,0.0,-2.6830079999999725
0.000911719502982633,2.6000000000000023,0.5000000000000004,-0.5000000000000004,1.0,2.4183909999999855
-0.0035394545075994044,-2.0000000000000018,-1.4000000000000012,0.0,2.0,2.548384999999996
0.003943794400334211,-5.600000000000005,-2.899999999999997,-0.5999999999999992,0.0,3.7740079999999807
-0.001560914696011828,0.5000000000000115,0.599999999999995,0.49999999999999906,0.0,1.0609029999999962
-0.0244404492039918,-1.8000000000000016,0.30000000000000027,-0.20000000000000018,2.0,8.964073000000042
0.008600197644293539,2.8999999999999915,1.6000000000000014,-0.10000000000000009,-2.0,-4.507801000000029
-0.02001959590074942,2.0000000000000018,-0.7000000000000006,-0.7999999999999994,0.0,7.377871000000027
0.01664549950009464,1.4000000000000012,0.40000000000000036,0.0,1.0,-5.542546000000016
0.014140286526858503,1.7000000000000126,1.6000000000000014,0.30000000000000027,-1.0,-5.391249000000016
0.0007862665443585382,4.0999999999999925,2.200000000000002,0.39999999999999897,-1.0,-5.797048999999959
0.011365719523372952,0.20000000000000018,-0.5000000000000004,-0.49999999999999906,-1.0,-4.163577000000032
0.003935886480747719,2.400000000000002,0.5000000000000004,-0.9000000000000008,-1.0,-4.486478999999974
0.007221892651724238,0.6000000000000005,1.5999999999999959,0.8000000000000007,-1.0,-7.611743000000047
-0.000665796010345443,-1.200000000000001,-0.5000000000000004,0.5000000000000004,0.0,-0.918139999999994
-0.0004356181934657144,-3.600000000000003,-2.2999999999999963,-0.9000000000000008,0.0,-0.9957309999999779
0.00161505332239531,4.299999999999993,1.3000000000000012,0.20000000000000018,0.0,2.1752629999999726
0.004939725115814753,4.500000000000015,2.799999999999997,0.10000000000000009,0.0,-0.4085319999999797
-0.0008659331703341211,10.499999999999998,8.199999999999996,0.9999999999999996,-2.0,-8.981870000000015
0.00022941626306383078,-4.400000000000004,-2.6999999999999913,-1.5,0.0,6.587489000000005
-0.004255969825938344,2.400000000000002,0.8000000000000007,0.10000000000000009,-1.0,2.777965999999992
-0.0017659705159706052,4.299999999999993,2.199999999999991,0.10000000000000009,0.0,-0.8215720000000033
-0.007691716021844486,2.7000000000000135,2.200000000000002,0.5000000000000004,2.0,2.267902000000049
0.0012143761465519542,-2.300000000000013,-3.200000000000003,0.0,2.0,2.6579469999999787
0.011019354838709638,3.400000000000003,3.400000000000003,1.1999999999999997,-2.0,-2.7796349999999848
-0.02409577047757616,14.59999999999999,21.999999999999996,4.999999999999999,0.0,6.143912999999998
-0.005152616849318559,-11.599999999999987,-8.899999999999997,-4.499999999999998,-1.0,8.006006000000014
0.024240193500893792,1.200000000000001,-3.500000000000003,-0.9000000000000008,1.0,-10.806662000000017
-0.007803275322141756,-2.6000000000000023,-3.599999999999992,0.20000000000000018,0.0,0.16151099999996177
-0.01324571842500133,9.000000000000007,7.099999999999995,1.9999999999999991,1.0,-0.9537169999999833
-0.012374809920822294,8.299999999999997,5.900000000000006,0.30000000000000027,1.0,10.442270000000008
0.01839660207061322,0.20000000000000018,0.8000000000000007,-0.5999999999999978,4.0,3.030343000000016
-0.004978755571774851,2.400000000000002,5.499999999999994,2.4999999999999996,2.0,4.675581999999963
0.014277480876034865,-6.400000000000006,-4.799999999999994,-0.30000000000000027,2.0,4.765836000000036
0.006224655835937565,-0.8000000000000007,-1.5000000000000013,-0.7000000000000006,-1.0,-2.5854400000000055
0.010139124185019721,1.8999999999999906,-0.40000000000000036,-1.3000000000000012,1.0,-10.263079000000005
0.0013467842350012305,8.699999999999996,5.399999999999993,0.7000000000000006,-2.0,2.887910999999974
0.005963558848906425,-1.9999999999999796,-1.3000000000000012,0.40000000000000036,0.0,0.7114990000000034
-0.0012613203501424808,1.4000000000000012,0.20000000000000018,-0.20000000000000018,-1.0,1.5194130000000428
0.0034098658786085867,2.499999999999991,-3.0999999999999917,-1.6999999999999988,0.0,7.323395000000005
-0.014549665206665563,6.499999999999995,6.499999999999995,2.1999999999999993,-1.0,7.161600999999962
-0.0051088178195565215,1.3000000000000123,1.7000000000000015,-0.5000000000000004,0.0,-1.535950000000014
0.007985005648556864,-2.7000000000000135,-1.7000000000000015,-0.20000000000000018,0.0,-10.742269999999962
-0.007870806694006416,-7.399999999999984,-4.800000000000004,-0.30000000000000027,1.0,-2.875331000000017
-0.0050834403080873836,-1.200000000000001,-0.7999999999999896,0.20000000000000018,0.0,-3.558755000000019
0.005625516102394812,2.59999999999998,2.7999999999999914,-0.7999999999999979,0.0,1.53249100000005
0.016114960225814823,4.200000000000004,3.0000000000000027,0.09999999999999731,-1.0,-3.1428060000000073
-0.000505076013940231,3.200000000000003,2.200000000000002,0.20000000000000018,-1.0,-5.080931000000021
-0.002652989034311881,-0.40000000000000036,0.9000000000000008,0.5000000000000004,-1.0,-4.189791000000014
0.004053403592328753,3.600000000000003,4.299999999999993,1.4000000000000012,-3.0,-10.736334999999997
0.010799081573436453,-7.000000000000006,-3.7999999999999923,-0.10000000000000009,-1.0,-1.6398029999999721
0.014353111504954885,3.0000000000000027,2.100000000000002,0.6000000000000005,0.0,-8.255636000000038
-0.0005906093119402156,-4.400000000000004,-5.000000000000004,-0.9000000000000008,0.0,-1.5546919999999886
0.0011572934108143862,1.7000000000000126,-0.30000000000000027,-0.40000000000000036,0.0,-5.510017000000005
0.004746796527214103,-5.400000000000005,-3.400000000000003,-0.40000000000000036,0.0,1.3676220000000399
0.0072701458924899764,3.8999999999999924,2.8000000000000025,0.6000000000000005,0.0,3.185450000000003
0.0003645289071423363,0.8000000000000007,1.8000000000000016,1.3000000000000012,-1.0,0.8419839999999681
0.002963754737149049,-5.199999999999982,-4.5000000000000036,-0.9000000000000008,0.0,8.824324999999988
-0.0034152012788839503,1.6999999999999904,1.9000000000000017,0.20000000000000018,0.0,-4.01613599999996
0.010742496050552885,-5.499999999999994,-3.8000000000000034,-0.10000000000000009,0.0,-1.928792000000044
0.003342390650924454,0.40000000000000036,1.4000000000000012,0.10000000000000009,2.0,-3.3741599999999607
-0.004913003882471401,2.400000000000002,-0.20000000000000018,-0.30000000000000027,1.0,2.365364999999997
-0.007321596300667088,-4.500000000000015,-3.699999999999992,-0.9000000000000008,1.0,7.387363999999991
0.00946211514666273,-0.49999999999998934,0.5000000000000004,-0.20000000000000018,-1.0,-0.8392460000000028
-0.009133078568510089,-1.6000000000000014,-0.6000000000000005,0.10000000000000009,0.0,1.7838570000000118
0.010842409100832118,2.0000000000000018,2.499999999999991,0.9000000000000008,-1.0,-3.6643359999999916
0.0020876325766665538,0.8000000000000007,1.3000000000000012,1.100000000000001,-1.0,-9.645695000000046
-0.00021551208064951588,5.499999999999994,5.200000000000005,1.1999999999999984,-1.0,4.4239239999999995
-0.00028741138149068757,-1.29999999999999,-3.0000000000000027,-1.5999999999999988,0.0,2.6365650000000187
0.006372783900335577,2.59999999999998,1.200000000000001,-0.10000000000000009,0.0,-1.7035109999999918
-0.006570489930009971,-0.8000000000000007,-1.6000000000000014,-0.30000000000000027,0.0,-5.044373000000007
0.0021567217828899476,-2.7999999999999803,-2.400000000000002,0.0,1.0,-7.433591999999976
-0.006169296987087458,-0.7000000000000117,-0.6000000000000005,-0.10000000000000009,0.0,9.271320000000003
0.00031278571772297425,-2.499999999999991,-2.399999999999991,-0.7000000000000006,-1.0,-2.385103000000015
0.007985568250150399,0.29999999999998916,1.100000000000001,0.30000000000000027,0.0,2.035439999999994
0.00727802037845704,0.8000000000000007,-3.0000000000000027,-1.0000000000000009,-1.0,-2.740918000000022
-0.009902397422533848,2.400000000000002,1.0000000000000009,0.9000000000000008,1.0,-1.9856969999999592
-0.008924726037230268,2.0000000000000018,1.6000000000000014,0.5000000000000004,0.0,11.59570199999996
-0.021245262065135884,7.099999999999995,6.2999999999999945,0.5000000000000004,0.0,6.299734999999998
0.012012530524653897,-3.600000000000003,-3.600000000000003,-1.0000000000000009,-1.0,5.015064999999993
0.015355367066393733,-2.8000000000000025,-1.4000000000000012,-0.7000000000000006,-1.0,-6.83132999999998
-0.0025445292620864812,2.100000000000013,2.200000000000002,0.7000000000000006,0.0,-3.2442550000000097
-0.00861571043511744,-1.200000000000001,-1.7000000000000015,-0.40000000000000036,1.0,1.796416000000022
-0.002621741030247038,3.499999999999992,3.9000000000000035,0.7000000000000006,0.0,8.474087999999995
0.010757922406659182,-4.699999999999993,-4.5000000000000036,-1.200000000000001,-1.0,2.8132209999999986
-0.0008187247158543132,-0.49999999999998934,0.9000000000000008,0.8000000000000007,0.0,-7.175507999999979
0.010194244951077236,-1.9000000000000128,-1.7999999999999905,-0.30000000000000027,-1.0,-7.894969000000003
-0.002218670229262587,-4.299999999999993,-3.1000000000000028,-0.9000000000000008,0.0,1.6501269999999977
0.001984506503442951,1.6999999999999904,1.0000000000000009,0.7000000000000006,0.0,1.7778169999999704
0.0005249719617248516,3.200000000000003,3.299999999999992,-0.30000000000000027,0.0,-1.7532259999999837
0.0017887381048915518,-1.29999999999999,-1.5999999999999903,-0.30000000000000027,-1.0,-7.316283999999996
-0.0008808684887153806,1.0999999999999899,0.5000000000000004,0.5000000000000004,1.0,-2.485685999999987
0.001572664236185517,-1.8999999999999906,-1.100000000000001,-0.20000000000000018,-1.0,2.2700249999999755
-0.0037113696381414485,3.8999999999999924,4.699999999999993,1.100000000000001,1.0,-1.2482850000000099
0.00914583184086748,-7.200000000000006,-6.099999999999994,-0.9000000000000008,0.0,-0.6654759999999555
-0.000970184571699062,1.5000000000000124,1.4000000000000012,0.8000000000000007,0.0,-6.412565000000029
0.00021317416329136307,-3.400000000000003,-2.100000000000002,-0.20000000000000018,1.0,2.77651400000002
-0.0014919011082693556,-4.400000000000004,-2.200000000000002,0.20000000000000018,0.0,-2.9214020000000005
0.004648405075299511,-5.800000000000005,-3.9000000000000035,-1.0000000000000009,-1.0,-0.6950750000000312
0.0016524633507235542,1.9000000000000128,2.8000000000000025,0.20000000000000018,0.0,-3.006542999999965
0.002238929084867225,4.299999999999993,4.400000000000004,1.100000000000001,-1.0,-6.544501000000025
-0.0018341720359309477,-0.29999999999998916,-0.30000000000000027,0.5000000000000004,-1.0,3.7216809999999896
-0.005583301922352013,8.499999999999996,11.5,4.399999999999999,-1.0,-4.371848
-0.00033166710099263863,-7.100000000000017,-1.4000000000000012,0.30000000000000027,1.0,4.961422000000027
-0.01670734886366332,-6.699999999999995,-0.6000000000000005,4.400000000000001,0.0,0.9609049999999684
0.014316012725344551,5.000000000000004,1.200000000000001,0.10000000000000009,0.0,-3.069751999999994
0.005346195884617266,-2.499999999999991,-3.200000000000003,-2.5999999999999996,0.0,4.819984000000034
-0.00120536030819407,2.200000000000002,2.7000000000000024,3.3000000000000003,0.0,-5.1734780000000455
0.005915759583530633,0.6000000000000005,3.1000000000000028,0.6000000000000005,0.0,-2.1947549999999865
0.0035521053869678187,3.1999999999999806,0.9000000000000008,-0.20000000000000018,-1.0,-3.3562220000000025
0.002015892735754088,-4.699999999999993,-2.6000000000000023,-1.200000000000001,0.0,-6.940595999999971
0.00053804945376279,-0.6999999999999895,-0.7000000000000006,-0.40000000000000036,0.0,-0.8862819999999942
0.0008417114800094438,-0.20000000000000018,0.10000000000000009,-0.10000000000000009,0.0,0.08105000000000473
0.005536607017707862,-1.0000000000000009,0.30000000000000027,0.5000000000000004,1.0,-2.976982000000021
0.007643519271426369,-3.300000000000014,-3.600000000000003,-2.0000000000000018,0.0,-0.09917500000000246
-0.0018214516277783588,-7.5999999999999845,-6.099999999999994,-1.4999999999999987,0.0,-10.182484999999986
0.003534058623795966,-3.300000000000014,-1.7000000000000015,-0.40000000000000036,1.0,6.239146000000005
-0.008148045850020602,-2.299999999999991,-3.7000000000000033,-2.099999999999999,2.0,10.187433999999996
0.010674835236238689,6.699999999999995,4.300000000000004,1.9999999999999991,0.0,-2.4988480000000095
0.0035819250551065718,0.5000000000000115,0.9000000000000008,1.3000000000000012,0.0,-5.6874180000000365
-0.0034089869131509465,5.099999999999993,5.199999999999994,2.5999999999999996,-1.0,5.489022000000034
0.0014922289308754166,-6.899999999999995,-5.199999999999994,-3.0,1.0,9.980860000000007
-0.0034155510728040017,-4.800000000000004,-1.9000000000000017,0.10000000000000009,1.0,11.22865999999999
-0.007843588269120239,-0.8000000000000007,-0.10000000000000009,-0.20000000000000018,1.0,-2.006623999999988
-0.014767932489451407,-10.20000000000001,-7.000000000000006,-0.6000000000000005,2.0,28.199682999999993
0.014330423323999364,3.400000000000003,-1.8999999999999906,-1.4999999999999987,0.0,-4.631934999999999
0.00809632069781463,6.600000000000006,5.099999999999993,0.6999999999999978,-2.0,-7.142341999999985
0.002094120354389606,-1.0000000000000009,-1.7000000000000015,-0.7999999999999979,0.0,-2.1179539999999974
0.010287971340651403,-0.20000000000000018,-0.7000000000000006,-0.20000000000000018,0.0,-4.613959000000023
0.002454880210937871,1.29999999999999,1.0000000000000009,-0.40000000000000036,0.0,-0.5745739999999842
-0.0045576164346288195,-4.799999999999982,-2.300000000000002,1.0999999999999983,0.0,8.722145999999952
-0.00041001343932944856,-0.9000000000000119,1.3000000000000012,-0.2999999999999975,-1.0,-3.446139999999957
0.004147391928537303,3.600000000000003,2.300000000000002,0.2999999999999975,-1.0,-0.1723140000000285
-0.004856462044706689,-4.600000000000004,-4.5000000000000036,-1.9999999999999991,1.0,2.001183000000026
-0.002098013728307313,-4.600000000000004,-3.699999999999992,-1.3000000000000012,2.0,1.4117200000000025
0.00813546927489206,-0.49999999999998934,-0.5000000000000004,-0.1999999999999974,0.0,10.478879000000006
-0.0049189618043747885,1.0999999999999899,2.9000000000000026,1.0999999999999983,0.0,6.111806999999999
0.006332862544990547,4.0000000000000036,4.699999999999993,1.8000000000000016,0.0,-3.978453000000002
0.001652480985150362,7.499999999999996,4.300000000000004,0.9999999999999981,0.0,-1.9802830000000426
-0.0008135777079708584,2.6000000000000023,2.8000000000000025,1.100000000000001,1.0,-2.675536999999963
0.0012439780155157898,2.6000000000000023,3.0999999999999917,1.799999999999999,0.0,5.49234100000001
0.002484864913707252,-1.8999999999999906,-1.7999999999999905,-1.899999999999999,0.0,2.5933019999999942
0.002996980485826306,2.8999999999999915,1.5999999999999903,0.40000000000000036,-1.0,-6.851874000000009
0.0018197748871064956,-8.299999999999997,-5.099999999999993,-1.5000000000000013,0.0,11.063597000000016
0.002354682454251966,-1.100000000000012,-1.100000000000001,0.20000000000000018,1.0,-3.4611920000000396
-0.006555249793050999,-0.40000000000000036,0.5000000000000004,0.40000000000000036,1.0,4.845619999999997
-0.01094495991352129,-0.29999999999998916,0.20000000000000018,0.10000000000000009,0.0,-1.0614759999999706
0.0015483400883464782,-1.6000000000000014,-0.10000000000000009,0.5000000000000004,1.0,4.412634999999966
0.007957077251852906,1.200000000000001,1.4000000000000012,0.5000000000000004,-1.0,-6.376559999999984
0.008796463370624341,-0.30000000000001137,-1.3000000000000012,-0.10000000000000009,0.0,-9.23043100000001
0.0015874435451415092,4.300000000000015,2.7000000000000024,-0.20000000000000018,-1.0,-2.2754679999999894
0.002098354800544655,4.600000000000004,2.199999999999991,1.6999999999999988,-1.0,-2.6544870000000174
-0.005903187721369663,0.8999999999999897,3.1000000000000028,0.20000000000000018,0.0,-0.6661780000000022
0.008940976112580046,-4.200000000000004,-4.899999999999993,-2.4999999999999996,0.0,-1.8206559999999854
0.004397556912826284,-2.8000000000000025,-3.300000000000003,-1.4999999999999987,0.0,-13.163335000000018
-0.0014815470004201359,2.9000000000000137,1.0000000000000009,0.7999999999999979,-1.0,2.515749000000028
0.0005314908317832767,-1.5000000000000124,-0.40000000000000036,0.0,1.0,-2.431787999999983
0.003076582558654284,-1.0999999999999899,-0.8000000000000007,-0.20000000000000018,0.0,-5.052769000000012
-0.00024272380237877478,4.0000000000000036,1.8000000000000016,-0.10000000000000009,0.0,-3.479040999999995
-0.0035755275006621456,5.000000000000004,3.8999999999999924,1.4000000000000012,0.0,-1.3610330000000204
-0.0012182696141407323,-3.500000000000014,-1.29999999999999,-0.40000000000000036,0.0,5.808959000000016
-0.0042802333059812625,-4.0000000000000036,-2.100000000000002,-0.40000000000000036,0.0,-2.2904869999999846
-0.007884538286783371,4.500000000000015,2.7999999999999914,0.10000000000000009,-1.0,-1.1100000000000136
0.002559267241379226,-1.6000000000000014,-1.0999999999999899,0.0,0.0,-5.178011000000026
-0.005396569483631097,-4.300000000000015,-1.9000000000000017,-0.6000000000000005,0.0,3.4761520000000132
0.008352657766170557,1.6000000000000014,1.100000000000001,0.40000000000000036,0.0,2.0603960000000257
-0.0015852460480485497,3.8000000000000034,4.299999999999993,0.9000000000000008,0.0,-2.8413080000000264
-0.01290337008296627,2.5000000000000133,2.100000000000002,0.30000000000000027,-1.0,-2.6372159999999667
-0.016674218396012574,-5.200000000000005,-3.7000000000000033,-0.7000000000000006,1.0,22.557438999999988
-0.0009446133996867667,1.200000000000001,0.6000000000000005,-0.10000000000000009,0.0,-7.9311590000000365
0.009754860134215892,-2.100000000000013,2.100000000000002,2.099999999999999,0.0,-6.88307199999997
0.012150002283835004,12.9,9.699999999999998,2.500000000000002,-2.0,-3.1229280000000017
0.0016471862448665942,2.100000000000013,0.0,0.9000000000000008,-1.0,2.4218290000000025
-0.0028609402806876183,3.499999999999992,3.8000000000000034,0.8000000000000007,-1.0,-2.549260000000004
-0.02015181637448027,5.099999999999993,3.300000000000003,2.399999999999997,1.0,13.464695000000006
0.0016831135294659294,-2.0999999999999908,-2.9000000000000026,-1.200000000000001,0.0,-10.473267000000021
-0.012222350097824797,-3.0000000000000027,-2.500000000000002,-1.3999999999999957,1.0,10.318295000000035
0.011884233583445925,-2.6000000000000023,-3.599999999999992,-1.200000000000001,0.0,3.6173450000000003
-0.012896094325718588,1.8000000000000016,1.4999999999999902,1.4000000000000012,1.0,1.0924519999999802
0.010405001866368169,4.699999999999993,2.9000000000000026,0.6999999999999951,-1.0,-0.27701700000000073
0.004156084045255026,-0.6000000000000005,0.9000000000000008,0.9000000000000008,2.0,7.415507999999988
0.008645665670269143,5.300000000000016,3.9999999999999925,1.200000000000001,0.0,-7.50690400000002
-0.0018237359230384165,4.0000000000000036,3.8000000000000034,1.3000000000000012,0.0,2.2998100000000363
-0.007239756999954383,0.0,0.0,0.0,0.0,0.0
-0.002461524304676832,-3.500000000000014,1.200000000000001,1.9000000000000017,1.0,5.3158730000000105
0.00359762003597619,-4.0999999999999925,-0.20000000000000018,1.9999999999999962,-1.0,2.6466259999999693
0.016820625947883583,-2.6000000000000023,-2.0000000000000018,0.20000000000000018,0.0,-9.09078599999998
0.007615819209039643,6.000000000000005,7.499999999999996,3.500000000000003,-1.0,-4.707826000000011
0.0029605041828335565,3.0000000000000027,4.500000000000015,2.9999999999999973,0.0,-0.7508819999999901
0.007714841566224706,3.699999999999992,-0.8000000000000007,-2.899999999999997,0.0,-3.054674000000034
0.003927747203976706,1.8999999999999906,0.29999999999998916,-1.0000000000000009,0.0,-1.788287999999966
0.002608253575296704,4.500000000000015,7.500000000000018,6.9,1.0,-1.0543900000000122
-0.0010361780462531112,-6.900000000000017,-4.500000000000015,-0.10000000000000009,0.0,4.324929999999995
0.005362817796610075,-0.09999999999998899,-2.299999999999991,-1.9000000000000017,0.0,0.47354400000000396
0.0009000109757435482,-2.400000000000002,0.29999999999998916,0.7000000000000006,-1.0,1.498847000000012
-0.004430213176594422,-6.600000000000006,-2.499999999999991,6.1,0.0,1.6931539999999927
0.00964885227122525,3.8000000000000034,3.499999999999992,-1.3000000000000012,0.0,-1.4951490000000263
0.0020291499389073486,-2.6000000000000023,-0.09999999999998899,0.8000000000000007,2.0,0.46718500000002905
0.0017201959716930393,0.20000000000000018,-0.7000000000000117,0.20000000000000018,0.0,2.495227
0.0040431266846361336,-0.6000000000000005,-2.8999999999999915,-4.899999999999999,0.0,1.7048379999999952
0.006105217579562838,5.400000000000005,4.0999999999999925,1.699999999999996,-2.0,-2.701720000000023
0.004712515062833544,-7.600000000000007,-7.799999999999985,-4.299999999999998,1.0,-1.650863999999956
0.0034696194127346036,-7.499999999999996,-5.500000000000016,-2.1999999999999966,0.0,-11.103343999999993
0.0008537340191663301,3.7000000000000144,6.1000000000000165,4.099999999999998,-1.0,-6.396348000000046
-0.003305397394067322,-5.300000000000016,-3.600000000000003,-2.200000000000002,2.0,6.491681000000028
-0.008044845735803774,11.40000000000001,13.59999999999999,9.300000000000002,0.0,1.4022219999999948
0.000323540830852842,0.0,0.0,0.0,0.0,0.0
0.007546844340944769,1.200000000000001,0.5000000000000115,-0.20000000000000018,1.0,5.379070000000013
0.0003424144498898052,5.200000000000005,3.0999999999999917,0.5000000000000004,1.0,2.9856609999999932
0.00395781186487798,1.8999999999999906,1.29999999999999,0.0,0.0,1.4917300000000182
-0.002429253324241376,-4.499999999999993,-3.499999999999992,-1.8000000000000016,1.0,5.814679999999953
0.003396419874396539,-0.40000000000000036,-1.0999999999999899,0.30000000000000027,0.0,2.1957840000000033
-0.0017882613416217996,-3.7000000000000144,0.20000000000000018,0.5000000000000004,1.0,3.744864000000007
-0.0028151592057839014,7.600000000000007,9.499999999999996,7.799999999999995,0.0,-7.268862000000013
0.0013260046624035127,4.299999999999993,2.200000000000002,3.0000000000000027,1.0,13.701287000000036
0.002669856254939207,-3.0999999999999917,0.40000000000000036,2.6000000000000023,1.0,4.720179999999971
-0.02230316973415125,-16.1,-18.300000000000004,-14.200000000000001,4.0,30.307278999999994
0.012266596945334163,2.499999999999991,-0.9000000000000119,-1.5000000000000013,0.0,-11.134524999999996
-0.019457597933706494,-5.399999999999983,0.9000000000000119,8.199999999999996,0.0,6.583441999999991
-0.011107208710158911,-4.200000000000004,-2.400000000000002,-1.3999999999999901,2.0,-3.4668289999999615
0.01531631520532728,4.0999999999999925,7.099999999999995,6.199999999999994,0.0,-7.790315000000021
-0.008701355487538143,-10.099999999999998,-7.400000000000007,-2.6000000000000023,-1.0,1.811774000000014
0.011843324070398342,9.099999999999998,7.300000000000018,4.300000000000004,-2.0,-17.056043999999986
0.020684844918154255,4.0000000000000036,4.899999999999993,5.899999999999994,-2.0,-33.40684200000004
0.002647988383018829,4.699999999999993,1.8999999999999906,-0.9999999999999898,-1.0,9.361695999999995
-0.006751576077696275,-2.200000000000002,-0.6000000000000005,0.7999999999999896,2.0,9.129593
0.009413530610056897,-1.5999999999999792,-1.6999999999999904,-3.399999999999992,0.0,2.100086000000033
-0.008858393168203249,-6.800000000000006,-4.699999999999993,-2.100000000000002,1.0,2.7355210000000056
-0.006879996570718139,2.6000000000000023,3.200000000000003,2.300000000000002,1.0,5.917137999999966
0.015625,1.6000000000000014,0.8999999999999897,0.8000000000000007,-1.0,-3.0383190000000013
-0.008818529536761655,-4.700000000000015,-8.099999999999996,-5.000000000000004,0.0,-5.670361999999955
-0.01410654946939649,-0.8000000000000007,1.0999999999999899,2.400000000000002,0.0,5.60955899999999
-0.010633439885184948,2.100000000000013,-0.8000000000000007,-0.6000000000000005,2.0,3.9457249999999817
0.0177590223746098,3.8000000000000034,5.000000000000004,3.500000000000003,-2.0,-14.514072999999996
0.009998704271584558,-1.0000000000000009,-0.09999999999998899,-0.5000000000000004,-1.0,-12.530055000000004
0.006222070174688454,4.0999999999999925,2.6000000000000023,2.599999999999991,-1.0,-11.24387200000001
0.014152146196344972,-1.6000000000000014,0.40000000000000036,1.200000000000001,-2.0,-17.032488
-0.0008171646482001416,0.5000000000000115,-0.10000000000001119,5.100000000000005,0.0,3.203638000000012
0.0012791746178204555,6.899999999999995,5.200000000000005,-0.40000000000000036,-1.0,0.5990859999999998
-0.002764513696908777,-4.100000000000015,-3.300000000000014,-2.200000000000002,0.0,7.7186060000000225
-0.002520161290322731,0.10000000000001119,-0.09999999999998899,0.7000000000000006,0.0,1.2681249999999977
0.005789961259895504,11.799999999999988,9.200000000000008,3.600000000000003,1.0,-4.99494900000002
-0.0003349312344308464,1.9000000000000128,0.20000000000000018,-0.9000000000000008,-1.0,8.031231999999989
-0.019202177782431162,5.800000000000005,7.299999999999995,6.799999999999995,0.0,-0.20842399999997951
-0.0009394081728510972,1.6000000000000014,3.8999999999999924,3.9000000000000035,0.0,7.990153000000021
-0.003953498311749404,4.0999999999999925,3.0000000000000027,-0.40000000000000036,0.0,3.0968110000000024
-0.001244394859361897,-0.30000000000001137,1.8999999999999906,3.200000000000003,2.0,4.708560999999975
0.009108289832656657,-2.39999999999998,-1.8000000000000016,-1.100000000000001,0.0,-16.453382999999974
0.002703565726450252,0.8000000000000007,1.9000000000000128,3.600000000000003,0.0,-7.873576000000014
-0.013778608127043457,-3.9000000000000146,-4.600000000000004,-2.6000000000000023,1.0,9.501982999999996
0.0004090155641187643,8.099999999999996,8.499999999999996,7.399999999999995,0.0,1.5131149999999707
-0.017709588569461254,8.800000000000008,10.000000000000009,7.599999999999996,1.0,-0.24146299999995335
-0.010383579048829139,-0.8999999999999897,-0.9000000000000119,1.4000000000000012,0.0,-0.6994380000000433
-0.011068068622025473,-6.000000000000005,-6.2999999999999945,-3.200000000000003,2.0,0.6437670000000253
-0.019630665920537194,-4.600000000000004,-2.8000000000000025,-2.200000000000002,1.0,19.12775799999997
0.004246769258870131,1.200000000000001,-1.0999999999999899,-3.1999999999999917,2.0,12.836766000000011
-0.012208985085485513,-0.10000000000001119,0.6999999999999895,4.5999999999999925,-1.0,2.1082150000000297
-0.0025088038299537763,9.50000000000002,13.00000000000001,13.400000000000013,0.0,-13.513312000000042
-0.004937929761410276,-6.500000000000017,-2.6000000000000023,3.699999999999992,3.0,18.849621000000013
0.02483535850106655,-2.8999999999999915,-4.600000000000004,-2.6000000000000023,2.0,16.067133000000013
0.018011087227062017,0.6000000000000005,-0.29999999999998916,1.6000000000000014,0.0,-4.100604000000033
0.006756906936942864,1.0999999999999899,0.8999999999999897,-1.4000000000000012,-1.0,-13.623982999999953
0.009714096478640188,-1.200000000000001,-1.0000000000000009,-1.0999999999999899,0.0,-6.103440000000035
-0.023504974308516502,5.500000000000016,6.2000000000000055,4.200000000000004,1.0,12.51357200000001
0.004702194357366629,7.899999999999996,9.899999999999999,11.599999999999987,2.0,9.387243000000012
-0.003209271227991972,0.6000000000000005,-0.40000000000000036,-2.0999999999999908,-1.0,3.8742960000000153
0.008227876402987055,4.800000000000004,5.200000000000005,5.099999999999993,0.0,-1.078990000000033
0.014636093493591185,-2.300000000000013,0.0,2.300000000000013,-2.0,-9.775184999999965
-0.017965642348210076,9.000000000000007,13.39999999999999,21.599999999999998,1.0,-0.19527800000003026
-0.019718686014421838,-9.099999999999998,-9.599999999999987,-7.700000000000018,2.0,40.469982000000016
-0.003269309358398087,4.800000000000004,5.699999999999994,7.200000000000006,1.0,-24.870762000000013
0.01612682793494602,5.599999999999983,2.8999999999999915,0.20000000000000018,-1.0,-6.370161999999993
0.00112082492714638,-0.49999999999998934,-2.299999999999991,-5.499999999999994,4.0,3.6310250000000224
-0.021361397223466194,-7.699999999999996,-7.699999999999996,-5.499999999999994,3.0,13.41389799999996
-0.006475083512561208,-3.200000000000003,-2.100000000000013,0.0,2.0,0.10151000000001886
-0.010731639914331126,1.0000000000000009,4.300000000000015,8.299999999999997,2.0,-3.86767100000003
-0.017738668901459587,5.099999999999993,3.9999999999999813,5.299999999999994,2.0,-6.237019999999973
0.015049176442706536,-2.6000000000000023,-4.0999999999999925,-2.200000000000002,2.0,13.366015000000004
0.022063973850104945,-0.20000000000000018,0.40000000000000036,-1.0999999999999899,-2.0,-20.54890899999998
-0.002558537978298081,-13.700000000000001,-14.79999999999999,-13.800000000000011,0.0,8.630961999999954
-0.015230286512607827,-9.699999999999998,-12.400000000000011,-9.099999999999998,2.0,16.529176000000007
0.018396204474626643,14.900000000000002,16.199999999999992,17.199999999999992,1.0,-20.39829199999997
-0.004978419237708143,-3.699999999999992,-2.299999999999991,1.7000000000000126,0.0,3.779042000000004
-0.008124670078721974,-10.899999999999999,-9.499999999999996,-5.299999999999994,5.000000000000014,20.235477000000003
-0.029479140153180428,4.299999999999993,6.699999999999995,7.299999999999995,6.999999999999986,17.962689999999952
-0.00758171804591945,7.200000000000006,7.200000000000006,4.899999999999993,5.0,1.0956110000000194
0.026810810810810937,10.7,10.199999999999987,8.099999999999996,-4.0,-8.188986
-0.00451557052946816,3.499999999999992,4.500000000000015,1.6000000000000014,3.0,0.3242480000000114
-0.01271505123625083,0.5000000000000115,2.299999999999991,5.200000000000005,1.0,-1.0602010000000064
-0.007308305758564004,13.999999999999968,14.400000000000013,11.299999999999999,2.0,11.203367000000014
0.021990407673860846,1.100000000000012,1.5000000000000124,-1.0999999999999899,-2.0,3.366763999999989
0.022174249712556104,4.200000000000026,7.499999999999973,8.899999999999997,-8.000000000000014,-19.70879400000001
0.012510903998898204,-1.5000000000000124,-3.699999999999992,-2.400000000000002,-8.999999999999986,-20.17667499999999
0.007821887682227358,-2.0999999999999908,-0.09999999999998899,2.200000000000002,1.0,-0.1795099999999934
-0.00029245028345181723,13.999999999999968,17.899999999999984,17.899999999999984,-3.0,-14.014107000000024
0.01170143342559471,9.200000000000008,7.699999999999996,4.899999999999993,-3.0,-1.7707269999999653
-0.01287840032029175,-8.999999999999986,-8.000000000000007,-6.799999999999962,1.0,5.121742999999981
0.015074357818837258,8.000000000000007,7.900000000000018,4.1999999999999815,1.0,-7.442964000000018
0.004883571222446648,10.299999999999976,14.69999999999998,13.200000000000012,-3.0,-12.736479999999972
0.007113035410545976,-1.6000000000000014,1.200000000000001,5.799999999999983,-1.0,0.48422399999998333
0.012370862670263882,-6.400000000000006,-5.799999999999983,3.699999999999992,-4.0,-16.611828000000003
-0.006174845628859282,-4.499999999999993,-6.000000000000005,-5.899999999999972,0.0,2.2437550000000215
-0.015391323304992377,-1.0999999999999677,2.200000000000024,2.8000000000000025,0.0,-1.7565969999999993
0.0028341156673457046,4.3999999999999595,9.799999999999986,12.199999999999989,0.0,-7.486052000000029
0.008566634284200347,1.3000000000000345,-0.8000000000000007,-3.500000000000014,-4.0,-5.091775999999982
-0.012631348511383589,15.09999999999998,14.500000000000002,9.299999999999997,-2.0,-4.370159000000001
-0.009999334855774533,5.100000000000016,-1.4000000000000234,-4.400000000000004,4.0,15.544047999999975
0.0050389680193496655,6.000000000000005,2.6000000000000245,-0.9999999999999787,0.0,8.04343
-0.0026739755331238735,4.499999999999993,4.699999999999971,5.299999999999994,3.0,0.6591680000000224
-0.01709229841142168,7.699999999999996,3.500000000000014,-1.4000000000000234,3.0,14.510628999999994
-0.0037052191307510585,-5.799999999999983,-10.099999999999998,-9.499999999999975,2.0,4.951792000000012
0.011453603778320165,-2.200000000000024,-3.600000000000003,-5.600000000000005,2.0,-0.9992730000000165
-0.012451783176558151,12.700000000000022,13.39999999999999,10.499999999999998,-2.0,-9.490318000000002
0.0004111560337147768,2.699999999999969,0.30000000000001137,-0.49999999999998934,2.0,2.7310039999999844
0.016142658172934254,8.300000000000018,12.700000000000022,14.400000000000013,3.0,-9.887693999999954
-0.0007415063814489864,-10.40000000000001,-5.600000000000005,-1.7000000000000348,-1.0,2.740234999999984
-0.01495356524476621,7.699999999999996,11.399999999999988,10.70000000000002,2.0,-4.317219000000023
-0.027439163584896953,-0.9999999999999787,-4.300000000000015,-1.6000000000000014,4.000000000000014,10.831769000000008
0.005797577692235434,-7.900000000000018,-7.199999999999962,-4.0000000000000036,0.0,11.676418000000012
-0.028960817717206044,-10.000000000000009,-12.600000000000033,-14.999999999999991,0.0,11.397289999999998
0.0028118240807497585,11.100000000000021,9.600000000000009,11.399999999999988,1.0,1.1245720000000006
0.02525942435353623,-0.8999999999999897,0.8999999999999897,2.6000000000000245,1.0,-0.27086200000002236
-0.03695565788550992,11.199999999999966,11.7,9.899999999999975,0.0,3.786283000000026
0.006019417475728206,4.800000000000004,4.899999999999993,1.5000000000000124,3.9999999999999716,6.852062999999987
0.004584057131827857,-0.9999999999999787,1.7000000000000348,5.099999999999971,-3.0,-3.694710999999984
0.030452951630721925,-3.8000000000000256,-10.899999999999999,-13.899999999999979,-1.9999999999999716,9.260512000000006
-0.035542814524775035,10.30000000000002,9.599999999999964,6.300000000000017,0.0,-0.6440890000000081
-0.005968922935646881,9.099999999999975,6.900000000000039,2.8000000000000025,0.0,12.129020999999966
-0.032017309281859196,-9.399999999999986,-13.100000000000023,-14.100000000000001,3.9999999999999716,36.265017
0.002310570861692174,-4.2999999999999705,-3.200000000000003,1.8999999999999684,0.0,3.9780190000000175
-0.015886140970708285,-6.700000000000017,-1.9000000000000128,2.6000000000000245,0.0,7.274789999999996
-0.0010439210693826695,-7.600000000000007,-7.499999999999973,-7.800000000000029,2.000000000000014,18.610580000000027
0.023907835041035996,6.999999999999984,4.499999999999993,2.0000000000000018,0.0,-5.864431999999965
-0.004057552524146302,-3.600000000000003,-4.0000000000000036,-0.8999999999999897,2.0,9.647460999999907
0.02057037166637521,10.30000000000002,13.79999999999999,12.99999999999999,-1.0,-9.364049999999907
-0.04031152037617547,-10.099999999999998,-7.200000000000006,-3.200000000000003,5.0,23.90545099999997
-0.006124636349716828,-4.700000000000015,-5.099999999999971,-6.099999999999994,0.0,10.124505
0.00043650182303700547,-5.699999999999994,-4.0999999999999925,-2.59999999999998,1.0,3.1779789999999366
0.018710058260400952,7.000000000000028,6.800000000000006,3.9000000000000146,-3.0,-12.913067999999953
-0.007633780106822585,-10.000000000000009,-12.600000000000033,-14.100000000000001,-1.0,11.374689999999987
0.008834953921145638,-0.6000000000000227,-2.1999999999999797,1.29999999999999,-6.000000000000014,-20.840685000000008
0.019981377557440227,0.30000000000001137,-1.000000000000023,-1.6000000000000014,-3.9999999999999716,-31.160009000000002
0.024549110557351206,-0.9999999999999787,0.7000000000000117,-0.09999999999998899,-2.000000000000014,-19.07089099999996
-0.0056109425420218795,10.699999999999976,10.199999999999987,8.099999999999996,-3.0,-6.668440000000032
-0.008088538008863555,6.199999999999983,9.699999999999998,8.699999999999974,1.0,-9.394251999999994
0.01904343367757999,0.1000000000000334,-0.6999999999999673,-1.200000000000001,-1.0,-0.8635340000000156
-0.016411509619300824,2.699999999999969,2.499999999999991,2.200000000000024,1.0,5.632843000000037
0.0030447703025284767,10.499999999999998,10.000000000000009,7.299999999999995,-1.0,-4.427771000000007
0.00959226790354295,-6.599999999999984,-4.899999999999993,0.09999999999998899,1.0,10.419019999999989
-0.01087217972771437,4.700000000000015,4.599999999999982,4.499999999999993,-1.0,3.418194000000028
-0.023782889937259966,2.0999999999999908,3.299999999999992,3.8000000000000256,2.0,4.613614999999982
-0.02899561578318055,11.399999999999988,19.399999999999995,25.199999999999978,4.000000000000014,4.610687999999982
-0.037968188814776815,20.70000000000003,22.40000000000002,29.300000000000015,3.9999999999999716,39.733592000000044
-0.0030133333333333123,11.099999999999977,10.80000000000001,7.399999999999984,1.0,1.0694859999999835
0.01425629229411296,-18.80000000000002,-22.40000000000002,-23.70000000000001,-3.0,3.3251169999999775
-0.03309599156118148,-8.999999999999986,-8.099999999999996,-9.899999999999975,4.000000000000014,34.03884400000004
-0.0021546433928814057,3.000000000000025,5.799999999999983,8.699999999999974,0.0,-4.55467299999998
0.02517356365822976,4.999999999999982,2.0000000000000018,1.5000000000000124,0.0,-2.291116000000102
-0.0018129949076172158,-11.799999999999988,-13.199999999999967,-14.000000000000012,5.0,25.987612000000013
0.009802612249258935,-6.899999999999995,-8.50000000000004,-3.89999999999997,0.0,8.51987900000006
0.03179389514891806,4.3999999999999595,4.0000000000000036,4.699999999999971,-1.0,-16.286422000000016
-0.003819729286300255,6.800000000000006,7.000000000000028,5.700000000000038,0.0,-5.875545999999986
-0.0204328469595203,-2.8999999999999915,-2.300000000000013,-1.100000000000012,2.0,19.662846999999942
-0.0008143964271640769,-8.199999999999985,-8.999999999999986,-7.100000000000017,1.0,29.58421199999998
-0.00812430982804857,-7.600000000000007,-10.40000000000001,-8.400000000000007,2.0,23.94652300000007
0.010576540755467212,-13.39999999999999,-16.1,-12.199999999999989,3.0,12.146369999999933
0.0018885741265344258,-7.400000000000029,-6.000000000000005,-1.399999999999979,1.0,12.734039000000053
0.0033773169965440886,12.400000000000011,16.199999999999992,18.39999999999997,-3.0,-18.592268999999987
0.014977168949771746,6.499999999999995,5.299999999999994,1.200000000000001,-5.0,-26.712957999999958
-0.0008226432556106555,8.499999999999996,9.10000000000002,9.200000000000008,-4.0,-14.511697000000026
-0.011423572696632078,-8.699999999999974,-6.800000000000006,-3.399999999999981,3.0,5.937221000000022
-0.008848866564297508,-2.400000000000002,-3.799999999999981,-2.400000000000002,1.0,1.7107539999999517
-0.005251687104482317,-3.600000000000003,1.0999999999999677,10.699999999999976,-1.0,2.371872000000053
-0.002428529947469782,2.7000000000000135,3.7000000000000366,-2.300000000000013,3.0,4.2198589999999285
0.019105077928607272,-4.300000000000015,-3.000000000000025,-0.9999999999999787,-3.0,-8.88912199999993
-0.008256952197959189,6.800000000000006,6.800000000000006,5.299999999999994,-3.0,-11.862243000000035
0.02701924335646022,3.600000000000003,4.899999999999993,6.400000000000006,-1.0,-19.78113600000006
0.006373161342952516,0.40000000000000036,1.100000000000012,-1.29999999999999,0.0,-20.22299799999996
0.010183144615852457,-15.000000000000036,-18.100000000000005,-14.19999999999999,0.0,2.696207999999956
-0.00927806615010418,-12.5,-14.000000000000012,-11.500000000000021,0.0,2.0641390000000683
0.001214913057784317,4.600000000000026,3.8000000000000256,4.700000000000015,2.0,-4.765830000000051
-0.011831028642212527,1.100000000000012,2.1999999999999797,3.699999999999992,2.0,7.411465000000021
0.02596638440481991,-2.100000000000035,-6.000000000000005,-5.699999999999994,-5.000000000000014,-4.991272999999978
0.012542389786554864,-11.099999999999977,-14.399999999999968,-13.39999999999999,2.000000000000014,-2.370798000000036
0.014578767207624299,-2.6000000000000245,-2.200000000000024,2.1999999999999797,-2.000000000000014,-16.91682800000001
-0.0029612369232263624,-7.499999999999973,-4.0999999999999925,-1.399999999999979,0.0,-6.317970999999943
-0.006597365922535681,17.300000000000004,21.799999999999997,17.899999999999984,1.0000000000000142,-37.91694600000005
0.015659461843846367,-4.300000000000015,-2.8000000000000025,1.6000000000000014,-3.000000000000014,-1.408288999999968
-0.0006755941609360994,-1.6999999999999904,-3.299999999999992,-2.200000000000024,0.0,-3.013409000000024
-0.0016901272424366676,14.100000000000001,16.400000000000013,18.20000000000004,0.0,-17.241539999999986
-0.0011609064744722009,-7.200000000000006,-4.900000000000038,-2.0000000000000018,1.0,-1.6242960000000153
-0.00397104046102803,2.1999999999999797,5.400000000000027,6.399999999999961,2.000000000000014,3.8331600000000208
0.021004011182691018,0.5000000000000338,-3.9000000000000146,-5.599999999999961,-4.999999999999986,-17.910372999999993
0.0,10.399999999999965,6.400000000000006,0.49999999999998934,-3.0,-12.672085999999979
0.01692897449939279,-5.499999999999972,-3.100000000000014,2.59999999999998,-3.000000000000014,0.15726899999998523
0.004120814797471395,-4.499999999999993,-5.600000000000005,-6.199999999999983,0.0,1.7041979999999626
0.0019586811546892235,1.6000000000000014,5.400000000000027,7.699999999999996,0.0,1.3699080000000095
-0.007097975331626705,9.499999999999975,9.699999999999998,2.400000000000002,3.000000000000014,4.356857999999988
0.0029063635298254287,-1.6999999999999904,-2.300000000000013,-8.499999999999996,-1.0000000000000142,7.91147600000005
-0.013438033139358208,9.200000000000008,6.499999999999995,3.399999999999981,3.000000000000014,5.895914000000005
-0.020822475955843966,4.1999999999999815,6.499999999999995,7.699999999999996,1.9999999999999716,16.838757999999984
-0.0024192572880126217,3.100000000000014,0.8000000000000007,-0.9999999999999787,0.0,7.121846000000005
0.0032011640596580904,5.900000000000016,6.700000000000017,8.999999999999986,-1.9999999999999716,-6.174503000000016
0.014117533299489837,-7.900000000000018,-8.099999999999996,-2.2999999999999687,-2.0,-3.736520999999982
-0.03384901432623777,1.5000000000000124,5.399999999999983,3.0999999999999694,2.0,3.3267510000000016
-0.006612222743085594,6.199999999999983,4.700000000000015,2.6000000000000245,1.9999999999999716,9.10905299999996
-0.01097782082805554,-0.09999999999998899,1.29999999999999,1.7999999999999794,1.0,11.890386999999976
-0.007609050500991921,9.099999999999975,8.60000000000003,5.100000000000016,0.0,15.663763000000017
0.0031378106179462684,6.000000000000005,4.599999999999982,0.8000000000000007,5.000000000000014,7.723137000000065
-0.01054437213056858,-6.299999999999972,-10.499999999999998,-11.20000000000001,0.0,0.7671769999999469
-0.0037732000815827726,15.799999999999992,15.89999999999998,11.60000000000001,2.0,-4.809909999999945
0.01796499129900697,-8.499999999999996,-9.399999999999986,-7.299999999999995,-2.0,-0.2966320000000451
0.006536276333651836,5.399999999999983,6.400000000000006,7.299999999999995,-1.0,-16.306795999999963
0.015535241520555632,-0.5999999999999783,1.29999999999999,5.299999999999994,-2.000000000000014,-20.617031000000054
0.010747663551401887,4.699999999999971,1.5000000000000124,1.399999999999979,-1.0,-7.549261999999999
-0.04348249263936543,4.899999999999993,12.9,18.400000000000016,1.0,11.260579000000007
0.0038158229458153947,-0.40000000000000036,2.400000000000002,3.200000000000003,0.0,6.491314999999986
-0.011353269133299593,4.600000000000026,6.299999999999972,7.699999999999996,0.0,6.535637000000008
-0.011688711165795174,0.09999999999998899,-3.299999999999992,0.30000000000001137,2.000000000000014,18.441711000000055
0.007754953833385203,3.9000000000000146,5.000000000000027,6.899999999999995,-1.0,-3.9676470000000563
-0.011478574186076562,7.299999999999995,6.299999999999972,2.8999999999999915,2.0,1.2120680000000448
-0.01744382826941604,-3.200000000000003,2.0000000000000018,8.300000000000018,-2.0,-0.7882779999999912
-0.00839979861681539,18.299999999999983,16.999999999999993,7.200000000000006,2.0,3.6298399999999447
-0.01675485008818356,-2.59999999999998,4.400000000000004,8.300000000000018,3.0,27.121128999999996
-0.009892648457670794,23.70000000000001,21.300000000000008,14.100000000000001,3.0,7.363730000000032
-0.002552770991737785,2.0999999999999908,-0.8000000000000007,-6.100000000000083,5.0,11.224202999999989
0.019676371842148654,-21.4,-23.599999999999977,-14.900000000000002,3.0,28.110183000000006
-0.020888996842360785,5.600000000000005,6.799999999999962,5.900000000000016,6.0,10.32365500000003
-0.015463491275944818,4.2999999999999705,7.399999999999984,8.499999999999996,-4.0,-4.339668000000074
0.026401254269555974,-19.099999999999984,-21.29999999999996,-16.599999999999948,0.0,-14.652589999999918
0.030986607021085133,-0.6000000000000227,-2.300000000000013,-1.9000000000000128,-5.0,-35.35804200000007
-0.0023282271079716477,12.1,11.100000000000021,5.499999999999972,2.0,-18.982084999999984
-0.010315839719960751,6.900000000000039,10.199999999999987,10.899999999999999,-3.0,-12.256031000000007
-0.027893890675241062,5.799999999999983,7.500000000000018,5.100000000000016,1.0,7.55144400000006
-0.007635271093470175,0.0,0.0,0.0,0.0,0.0
-0.006332981501027679,6.599999999999984,2.7000000000000135,-0.30000000000001137,6.0,30.28707099999997
-0.0032984849331917365,-5.200000000000005,-5.200000000000049,-1.6000000000000014,5.0,7.616518000000042
0.026391070226609914,4.900000000000038,8.199999999999985,17.300000000000004,-2.0,-6.203219000000104
-0.022788753176489984,7.499999999999973,6.8000000000000504,3.200000000000003,3.0,-4.158104999999978
0.025696949361071475,-0.9000000000000341,-3.8000000000000256,-5.19999999999996,0.0,-7.614476999999965
0.011749631972084451,-0.29999999999992255,-0.8000000000000007,-1.29999999999999,-2.0,-10.79079200000001
-0.007086465658933561,12.699999999999978,13.600000000000012,12.799999999999923,1.0,0.5444519999999784
-0.008385345997286242,9.299999999999997,8.699999999999974,5.200000000000049,0.0,-7.206407000000013
0.024301469582113322,-0.9000000000000341,-10.299999999999976,-13.700000000000045,0.0,14.844368000000031
0.012236501108765951,2.400000000000002,2.0999999999999908,3.200000000000003,-3.0,-6.152647999999999
0.0159685380209571,-14.100000000000001,-10.200000000000031,-2.799999999999958,0.0,2.558065000000056
-0.0075340330458277815,-9.799999999999986,-7.599999999999962,-7.30000000000004,0.0,-30.101297000000045
-0.005340034553164674,-8.400000000000007,-12.399999999999967,-12.899999999999956,1.0,-4.775604000000044
0.023790725827675052,9.50000000000002,12.299999999999933,14.199999999999946,-2.0,-23.853921999999955
-0.007223279008791383,3.399999999999981,4.500000000000082,6.6000000000000725,0.0,6.916906999999981
-0.004375857694000618,-0.6000000000000227,3.89999999999997,6.299999999999972,-3.0,-6.602135999999973
-0.025096223863518063,6.00000000000005,4.1999999999999815,7.500000000000018,-2.0,-2.930786000000012
-0.010296902926347884,4.499999999999993,5.900000000000016,9.399999999999942,1.0,14.907095000000027
0.014393143041966594,1.100000000000012,-3.699999999999992,-5.6999999999999496,-2.0,-0.3314870000000383
0.009565563969708979,5.600000000000005,5.600000000000005,6.49999999999995,-3.0,-11.089990999999998
0.005395446769311807,-8.900000000000041,-9.40000000000003,-7.200000000000006,0.0,8.559686999999997
-0.0206020942408377,-3.200000000000003,-5.19999999999996,-6.99999999999994,2.0,18.63456400000007
0.054954160318605894,-28.09999999999997,-30.500000000000014,-24.900000000000055,-5.0,-11.497298
0.009678481846512543,0.0,0.0,0.0,0.0,0.0
-0.008506687410604452,4.1999999999999815,5.299999999999994,5.800000000000072,-4.0,-17.644011000000035
0.008529054464466501,-8.400000000000007,-9.40000000000003,-5.100000000000016,-3.0,-2.395015000000001
-0.007628798715149765,-7.999999999999963,-4.499999999999993,1.6000000000000014,-1.0,5.488628000000006
-0.003059805285118178,7.599999999999962,8.700000000000019,9.699999999999953,0.0,4.533546000000001
0.004540381493506329,6.200000000000028,7.099999999999973,8.199999999999985,-3.000000000000014,-8.95535000000001
-0.0036360881751382745,0.0,1.4000000000000234,2.1000000000000796,0.0,0.06970599999999649
0.013457006006234229,-7.299999999999995,-7.900000000000018,-4.0000000000000036,-1.9999999999999716,-5.256996000000015
0.0063015753938484576,-6.200000000000028,-6.000000000000005,-3.6000000000000476,-2.0,-7.83529900000002
-0.00022364693603704744,-1.29999999999999,-2.59999999999998,-2.4999999999999467,-1.0,-1.578786999999977
-0.015957050182685784,0.09999999999998899,1.7999999999999794,-1.5000000000000568,3.0,13.179722000000027
-0.0017175620721880946,6.300000000000017,4.800000000000004,3.6000000000000476,0.9999999999999716,-1.9872290000000135
0.03150064519393769,-13.899999999999979,-18.69999999999998,-16.500000000000004,-0.9999999999999716,1.5589459999999917
-0.0007358712715855864,-9.90000000000002,-7.299999999999995,-8.10000000000004,-1.0,-10.69397200000003
-0.0011537139771220506,-1.9000000000000128,-1.200000000000001,4.1999999999999815,-2.0,-10.489553
-0.017989235948981497,8.700000000000019,12.599999999999989,11.600000000000055,1.0,3.127351000000033
-0.014414775144523162,-4.300000000000015,-2.59999999999998,-1.9000000000000128,0.0,15.445637999999974
-0.0017012416524895269,-11.399999999999988,-12.800000000000011,-11.099999999999977,1.0,14.266383000000019
0.007833960728456546,6.499999999999995,8.300000000000018,5.099999999999927,-2.0,-11.688251999999977
-0.0074702200686453946,9.799999999999986,6.199999999999983,3.700000000000081,1.0,-9.410817000000009
0.014417209113100071,3.100000000000014,2.0000000000000018,3.2999999999999474,-2.000000000000014,-4.083609000000024
0.007569870911141807,-10.999999999999988,-13.79999999999999,-15.89999999999998,0.0,-5.036729999999977
-0.006393511953628472,-2.300000000000013,-3.8000000000000256,-0.8000000000000007,1.0000000000000142,3.3584859999999708
-0.024461692538808144,-3.100000000000014,0.5000000000000338,2.5000000000000355,1.0,14.443444
-0.01632317840002062,3.9000000000000146,0.6999999999999673,-5.700000000000038,1.0,13.221356000000014
-0.008479661857176413,9.90000000000002,8.899999999999997,7.699999999999996,1.0,-1.6768769999999904
0.001368349034261529,9.899999999999975,7.400000000000029,-0.19999999999997797,0.9999999999999716,0.3085659999999848
0.014952436011983039,-2.1999999999999797,-1.8000000000000238,-4.0000000000000036,-0.9999999999999716,-11.539657999999974
-0.014266110866582027,1.6999999999999904,3.299999999999992,5.600000000000005,-1.0,2.871606999999983
0.005752258877915528,6.800000000000006,5.400000000000027,5.100000000000016,-2.0,-2.4117840000000115
-0.003943485414327208,9.499999999999975,8.299999999999974,5.399999999999938,1.0,-0.7895669999999768
-0.012427897220765427,4.0999999999999925,2.7000000000000135,-2.2999999999999687,0.0,19.514417999999978
0.01800031858970952,-6.799999999999962,-2.59999999999998,1.100000000000012,-2.000000000000014,3.308010999999965
